dataset;zr;a;v;t0;precision;method;penalty;fit index;time
sub0rwd0.csv;0.319968;1.487721;2.942006;0.468350;3.000000;KS;0.000000;0.999970;0.355000
