dataset;zr;a;v;t0;precision;method;penalty;fit index;time
sub1rwd0.csv;0.421058;1.130147;1.368536;0.450169;3.000000;KS;0.000000;0.915958;0.352000
